image_name,class,width,height
019a7bfd-79da-43cb-9844-bad90352493f.jpg,Anthracnose,512,512
0aa25de2-a57c-4f68-af57-1905d033c0dc.jpg,Anthracnose,512,512
10e6e1b0-01d6-48ee-bf11-8a707aa49070.jpg,Anthracnose,512,512
19489992-3f1a-462d-9bb0-123b089a69b6.jpg,Anthracnose,512,512
1fa54482-3fd5-423f-b623-2d4cb5e594bc.jpg,Anthracnose,512,512
20260124_171929.jpg,Anthracnose,512,512
20260124_172148.jpg,Anthracnose,512,512
20260124_172226.jpg,Anthracnose,512,512
20260124_172840.jpg,Anthracnose,512,512
20260214_172238.jpg,Anthracnose,512,512
20260214_172245.jpg,Anthracnose,512,512
20260214_172248.jpg,Anthracnose,512,512
20260214_172250.jpg,Anthracnose,512,512
20260215_084820.jpg,Anthracnose,512,512
20260215_084825.jpg,Anthracnose,512,512
20260215_084905.jpg,Anthracnose,512,512
20260215_084935.jpg,Anthracnose,512,512
20260222_153015.jpg,Anthracnose,512,512
20260222_153131.jpg,Anthracnose,512,512
20260222_153714.jpg,Anthracnose,512,512
22d045ce-2cd7-464f-b82a-93783b1c5474.jpg,Anthracnose,512,512
2a687bc4-0265-4086-b7d5-2c0d5fb67554.jpg,Anthracnose,512,512
3f4ac8db-8bf3-409e-9d49-9bc6687ef5d3.jpg,Anthracnose,512,512
4e019869-3d00-4adc-a9e8-a5940999f873.jpg,Anthracnose,512,512
5b074d7a-f13c-4c0f-9064-6e90c66aa213.jpg,Anthracnose,512,512
5f5ca621-41d9-4754-bfe1-96d70e0126a8.jpg,Anthracnose,512,512
6659c0c6-dcf2-4cc2-907a-5143ac780d1c.jpg,Anthracnose,512,512
669034d9-41ac-4bd5-837b-5d5feed536a9.jpg,Anthracnose,512,512
67f4b259-5bbb-422c-8597-27d817997b9e.jpg,Anthracnose,512,512
6a1bad2d-70e4-438c-90d3-03bcd1e63373.jpg,Anthracnose,512,512
75a585c0-2e58-4b1d-8292-ead4cb45df7b.jpg,Anthracnose,512,512
7600ba93-b659-49c3-8d1a-57ac9525e96d.jpg,Anthracnose,512,512
7ad2dd7d-a8fb-4dea-9a10-1c56614390c1.jpg,Anthracnose,512,512
7f3a49f8-355f-4f86-8859-adcba3dc326a.jpg,Anthracnose,512,512
7f69c488-844a-4cca-a544-6dbed891fb78.jpg,Anthracnose,512,512
816ae323-e4ee-497f-8ac7-7e0082cf4507.jpg,Anthracnose,512,512
81bc75c3-ed66-4b44-9ae7-cb4646f8183c.jpg,Anthracnose,512,512
822bbf3f-2694-4f86-93b8-ce472e856c48.jpg,Anthracnose,512,512
86b262a0-c502-4ee9-8fd1-80318ca827e7.jpg,Anthracnose,512,512
8a0c638f-34b1-41df-ba4a-889496d21e42.jpg,Anthracnose,512,512
99802a7c-5ced-44b6-a504-af0049f3c908.jpg,Anthracnose,512,512
9b6e69b3-a9e7-4f3f-8559-10698a2159e1.jpg,Anthracnose,512,512
a0459db4-0a18-4b0d-89be-af59d0b07214.jpg,Anthracnose,512,512
aaf8206a-4c65-499a-a649-25f88eba7c29.jpg,Anthracnose,512,512
Anthracnose (12).jpg,Anthracnose,512,512
Anthracnose (13).jpg,Anthracnose,512,512
Anthracnose (14).jpg,Anthracnose,512,512
Anthracnose (15).jpg,Anthracnose,512,512
Anthracnose (16).jpg,Anthracnose,512,512
b48b8347-8873-495e-a672-2f4fd83c0a17.jpg,Anthracnose,512,512
b7a14b3b-2dff-4872-b8c8-e5c6b6686496.jpg,Anthracnose,512,512
b818d311-347e-4a11-aa69-be9711cbbebc.jpg,Anthracnose,512,512
bd991d1c-93a2-4fde-917e-e825570d4785.jpg,Anthracnose,512,512
bd9d9b78-6092-4ba4-b1c6-5e3d90abdaf0.jpg,Anthracnose,512,512
bf75ee5e-1bd7-46c3-a8c3-4b2c3d36abef.jpg,Anthracnose,512,512
c15683d0-47b3-4d7c-8c82-489bfcc60cfb.jpg,Anthracnose,512,512
c8af1966-1a27-442a-9a8d-f8029eada27b.jpg,Anthracnose,512,512
cd9c11f2-4015-4dc1-89bc-e3210d2c17e3.jpg,Anthracnose,512,512
ce9ed08c-2605-4867-a35e-7511d3f8c834.jpg,Anthracnose,512,512
cf9dfb2d-1a72-4fae-aa29-1b1f45f301a5.jpg,Anthracnose,512,512
d486de63-5033-445f-9c57-a43c24c902bd.jpg,Anthracnose,512,512
d737526c-fd8b-4423-9266-04f49ba4d65e.jpg,Anthracnose,512,512
da3d0cb2-4f9e-42c8-af4c-fac4f811c8d8.jpg,Anthracnose,512,512
da5ec945-37df-4f20-8e72-8b37b0a31fdd.jpg,Anthracnose,512,512
e81e975d-f37a-4e6e-90f2-42873bd31818.jpg,Anthracnose,512,512
eb3f40b2-7d7d-4c56-ade4-9da0d28a3ed7.jpg,Anthracnose,512,512
f3722f51-95cb-42ba-a039-4db779bb2dc8.jpg,Anthracnose,512,512
f796f238-a734-4211-8c47-b87e2ce29f18.jpg,Anthracnose,512,512
20260124_171841.jpg,BrownSpot_Early,512,512
20260124_172107.jpg,BrownSpot_Early,512,512
20260124_172354.jpg,BrownSpot_Early,512,512
20260124_172359.jpg,BrownSpot_Early,512,512
20260124_172403.jpg,BrownSpot_Early,512,512
20260124_172456.jpg,BrownSpot_Early,512,512
20260124_172610.jpg,BrownSpot_Early,512,512
20260124_172613.jpg,BrownSpot_Early,512,512
20260124_172617.jpg,BrownSpot_Early,512,512
20260124_172630.jpg,BrownSpot_Early,512,512
20260124_172704.jpg,BrownSpot_Early,512,512
20260124_172714.jpg,BrownSpot_Early,512,512
20260124_172759.jpg,BrownSpot_Early,512,512
20260124_172803.jpg,BrownSpot_Early,512,512
20260124_172812.jpg,BrownSpot_Early,512,512
20260124_172843.jpg,BrownSpot_Early,512,512
20260124_172845.jpg,BrownSpot_Early,512,512
20260124_172852.jpg,BrownSpot_Early,512,512
20260124_172857.jpg,BrownSpot_Early,512,512
20260124_172950.jpg,BrownSpot_Early,512,512
20260124_172958.jpg,BrownSpot_Early,512,512
20260124_173048.jpg,BrownSpot_Early,512,512
20260124_173053.jpg,BrownSpot_Early,512,512
20260124_173101.jpg,BrownSpot_Early,512,512
20260124_173113.jpg,BrownSpot_Early,512,512
20260124_173115.jpg,BrownSpot_Early,512,512
20260124_173131.jpg,BrownSpot_Early,512,512
20260124_173135.jpg,BrownSpot_Early,512,512
20260124_173141.jpg,BrownSpot_Early,512,512
20260124_173242.jpg,BrownSpot_Early,512,512
20260124_173246.jpg,BrownSpot_Early,512,512
20260124_173334.jpg,BrownSpot_Early,512,512
20260124_173338.jpg,BrownSpot_Early,512,512
20260124_173340.jpg,BrownSpot_Early,512,512
20260124_173343.jpg,BrownSpot_Early,512,512
20260124_173347.jpg,BrownSpot_Early,512,512
20260124_173355.jpg,BrownSpot_Early,512,512
20260124_173524.jpg,BrownSpot_Early,512,512
20260124_173621.jpg,BrownSpot_Early,512,512
20260124_173628.jpg,BrownSpot_Early,512,512
20260124_173631.jpg,BrownSpot_Early,512,512
20260124_173636.jpg,BrownSpot_Early,512,512
20260124_173655.jpg,BrownSpot_Early,512,512
20260124_173711.jpg,BrownSpot_Early,512,512
20260124_173936.jpg,BrownSpot_Early,512,512
20260124_174204.jpg,BrownSpot_Early,512,512
20260124_174216.jpg,BrownSpot_Early,512,512
20260124_174220.jpg,BrownSpot_Early,512,512
20260222_093153.jpg,BrownSpot_Early,512,512
20260222_093208.jpg,BrownSpot_Early,512,512
20260222_093710.jpg,BrownSpot_Early,512,512
20260222_093729.jpg,BrownSpot_Early,512,512
20260222_093731.jpg,BrownSpot_Early,512,512
20260222_153009.jpg,BrownSpot_Early,512,512
20260222_153226.jpg,BrownSpot_Early,512,512
20260222_153228.jpg,BrownSpot_Early,512,512
20260222_153303.jpg,BrownSpot_Early,512,512
20260222_153313.jpg,BrownSpot_Early,512,512
20260222_153436.jpg,BrownSpot_Early,512,512
20260222_153503.jpg,BrownSpot_Early,512,512
20260222_153505.jpg,BrownSpot_Early,512,512
20260222_153544.jpg,BrownSpot_Early,512,512
20260222_153609.jpg,BrownSpot_Early,512,512
20260222_153620.jpg,BrownSpot_Early,512,512
20260222_153700.jpg,BrownSpot_Early,512,512
20260222_153711.jpg,BrownSpot_Early,512,512
20260222_153725.jpg,BrownSpot_Early,512,512
20260222_153729.jpg,BrownSpot_Early,512,512
5df48ec8-6beb-4ce6-ab8c-3c28700e1954.jpg,BrownSpot_Early,512,512
614f3a34-4c43-487d-baf5-d11c722cdf54.jpg,BrownSpot_Early,512,512
6eb4a352-358d-48d0-b481-b8ec6fcecf98.jpg,BrownSpot_Early,512,512
9eff423a-cb59-4550-b5c5-6264878d713a.jpg,BrownSpot_Early,512,512
d720561a-9de2-4634-a498-8fab02d2f116.jpg,BrownSpot_Early,512,512
edca281b-2455-4018-913a-7b8779450945.jpg,BrownSpot_Early,512,512
02dc095f-328b-430e-8bde-9bd2ea220497.jpg,Healthy,512,512
03f43a6b-a9bf-4044-9947-d0b6ab31ae7f.jpg,Healthy,512,512
1073771a-7ac1-4278-9706-7d54cbef40c5.jpg,Healthy,512,512
11af9374-1a49-4eb6-9f79-3156307625d2.jpg,Healthy,512,512
1406ff79-8205-4fd2-b372-50014d83740f.jpg,Healthy,512,512
20260124_171233.jpg,Healthy,512,512
20260124_171243.jpg,Healthy,512,512
20260124_171245.jpg,Healthy,512,512
20260124_171332.jpg,Healthy,512,512
20260124_171357.jpg,Healthy,512,512
20260124_171405.jpg,Healthy,512,512
20260124_171420.jpg,Healthy,512,512
20260124_171427.jpg,Healthy,512,512
20260124_171444.jpg,Healthy,512,512
20260124_171455.jpg,Healthy,512,512
20260124_171602.jpg,Healthy,512,512
20260124_171615.jpg,Healthy,512,512
20260124_171620.jpg,Healthy,512,512
20260124_171627.jpg,Healthy,512,512
20260124_171825.jpg,Healthy,512,512
20260124_171830.jpg,Healthy,512,512
20260124_172822.jpg,Healthy,512,512
20260124_172826.jpg,Healthy,512,512
20260124_172831.jpg,Healthy,512,512
20260124_172833.jpg,Healthy,512,512
20260215_083612.jpg,Healthy,512,512
20260215_083619.jpg,Healthy,512,512
20260215_083736.jpg,Healthy,512,512
20260215_083921.jpg,Healthy,512,512
20260215_084347.jpg,Healthy,512,512
224a5d71-7e59-4a35-b177-3b1febba93ef.jpg,Healthy,512,512
22a33d0d-26b9-4e5e-a682-09772a2e9d34 (1).jpg,Healthy,512,512
2677e691-599c-4a04-9182-72bb9d1a3735.jpg,Healthy,512,512
310045ca-c564-4239-9b1a-dc76ca50c74d.jpg,Healthy,512,512
368a4be9-d398-4f70-b509-8a7b69133182.jpg,Healthy,512,512
37b358d0-62be-4b60-ae25-700932006ab6.jpg,Healthy,512,512
3da0b26f-b49f-4384-95aa-b094e7276f90.jpg,Healthy,512,512
44044534-5b63-4eb4-abaf-7927407a8b17.jpg,Healthy,512,512
4b4d64ee-fa5b-42ae-a85b-0aeb487a47c4.jpg,Healthy,512,512
4d9305c3-8fb8-4466-9051-e17e55710f44.jpg,Healthy,512,512
5850534a-9263-4ea2-90c2-94bf1890798b.jpg,Healthy,512,512
5bef533f-54c8-4321-932b-06c07237b2c5.jpg,Healthy,512,512
5ea552ef-d49c-4097-8fcd-48acf7312d28.jpg,Healthy,512,512
63a2b196-0af7-4e16-9fc5-5c27ffac09b8.jpg,Healthy,512,512
6739dcf7-1dc7-4361-8203-64ef722c8040.jpg,Healthy,512,512
6f2fd6a1-1fdc-4010-9f7c-8ff49be903fb.jpg,Healthy,512,512
79839186-bdb9-417a-b2eb-d97f925b8be2.jpg,Healthy,512,512
7b5562af-25c3-4d51-ba23-3428fd632d25.jpg,Healthy,512,512
820220b6-20e5-4f59-ada6-5fbc13b06555.jpg,Healthy,512,512
85f69ea8-4f5c-427c-ab52-bb404834ef4a.jpg,Healthy,512,512
8da4e7be-afb2-4e30-a488-d9d24028ca97.jpg,Healthy,512,512
a4d6eba1-2d15-42f0-a448-169eb256db88.jpg,Healthy,512,512
b58980b2-d08e-411c-9bdd-bcd4a561de87.jpg,Healthy,512,512
bdf20570-d9d3-4acc-a46a-41f8a9a74de0.jpg,Healthy,512,512
c63d5788-bae6-474e-bc75-82efc7ac945e.jpg,Healthy,512,512
ca915cf0-a5fe-44c3-be11-4ad2b9aa7a08.jpg,Healthy,512,512
cc56219e-6610-433d-b401-36ebba0c00c5.jpg,Healthy,512,512
d8cbee7f-f4c6-4c09-b1e2-e35e59544856.jpg,Healthy,512,512
dcb4f13a-24fa-4242-96c2-fa89a39a49fe.jpg,Healthy,512,512
de18f808-189c-4736-91a7-ce1c25617ce8.jpg,Healthy,512,512
e0b29176-d943-4dd3-b4a8-5922a861f29c.jpg,Healthy,512,512
ebcd7b62-9097-49e2-bce3-350d42348634.jpg,Healthy,512,512
Healthy (1).jpg,Healthy,512,512
Healthy (16).jpg,Healthy,512,512
Healthy (32).jpg,Healthy,512,512
Healthy (34).jpg,Healthy,512,512
Healthy (35).jpg,Healthy,512,512
Healthy (36).jpg,Healthy,512,512
Healthy (37).jpg,Healthy,512,512
Healthy (38).jpg,Healthy,512,512
Healthy (39).jpg,Healthy,512,512
Healthy (40).jpg,Healthy,512,512
Healthy (41).jpg,Healthy,512,512
Healthy (42).jpg,Healthy,512,512
Healthy (43).jpg,Healthy,512,512
Healthy (44).jpg,Healthy,512,512
Healthy (45).jpg,Healthy,512,512
Healthy (46).jpg,Healthy,512,512
Healthy (47).jpg,Healthy,512,512
Healthy (48).jpg,Healthy,512,512
Healthy (49).jpg,Healthy,512,512
Healthy (50).jpg,Healthy,512,512
Healthy (51).jpg,Healthy,512,512
Healthy (52).jpg,Healthy,512,512
Healthy (53).jpg,Healthy,512,512
Healthy (54).jpg,Healthy,512,512
Healthy (55).jpg,Healthy,512,512
Healthy (56).jpg,Healthy,512,512
Healthy (57).jpg,Healthy,512,512
Healthy (58).jpg,Healthy,512,512
Healthy (59).jpg,Healthy,512,512
Healthy (60).jpg,Healthy,512,512
Healthy (62).jpg,Healthy,512,512
Healthy (64).jpg,Healthy,512,512
Healthy (77).jpg,Healthy,512,512
Screenshot_20260117_160937_Gallery.jpg,Healthy,512,512
05f42a77-03c7-4f4b-84a3-1056588dbc28.jpg,StemCanker,512,512
0e0c35fc-6c1c-4126-abee-52bdd14b5c40.jpg,StemCanker,512,512
12934391-9bd1-45cb-a54c-a1e0e42f6593.jpg,StemCanker,512,512
131b9f82-ab4a-4fac-a36c-462b5acf7ca3.jpg,StemCanker,512,512
19bc6480-8564-4213-beea-fdb0890a8a81.jpg,StemCanker,512,512
1a81fb27-e974-47ee-8af6-a2f979afd42f.jpg,StemCanker,512,512
1b3b56fa-79ea-463b-96b0-084821412c3c.jpg,StemCanker,512,512
1d0eacea-905a-4f6d-b2d5-7cc7ba58f27a.jpg,StemCanker,512,512
20260124_171910.jpg,StemCanker,512,512
20260124_171933.jpg,StemCanker,512,512
20260124_171946.jpg,StemCanker,512,512
20260124_171957.jpg,StemCanker,512,512
20260124_172025.jpg,StemCanker,512,512
20260124_172036.jpg,StemCanker,512,512
20260124_172054.jpg,StemCanker,512,512
20260124_172253.jpg,StemCanker,512,512
20260124_172306.jpg,StemCanker,512,512
20260124_172319.jpg,StemCanker,512,512
20260124_172325.jpg,StemCanker,512,512
20260124_172409.jpg,StemCanker,512,512
20260124_172413.jpg,StemCanker,512,512
20260124_172422.jpg,StemCanker,512,512
20260124_172436.jpg,StemCanker,512,512
20260124_172509.jpg,StemCanker,512,512
20260124_172524.jpg,StemCanker,512,512
20260124_172528.jpg,StemCanker,512,512
20260124_172534.jpg,StemCanker,512,512
20260124_172553.jpg,StemCanker,512,512
20260124_172632.jpg,StemCanker,512,512
20260124_172635.jpg,StemCanker,512,512
20260124_172718.jpg,StemCanker,512,512
20260124_172732.jpg,StemCanker,512,512
20260124_172740.jpg,StemCanker,512,512
20260124_172743.jpg,StemCanker,512,512
20260124_172904.jpg,StemCanker,512,512
20260124_172908.jpg,StemCanker,512,512
20260124_172922.jpg,StemCanker,512,512
20260124_172925.jpg,StemCanker,512,512
20260124_172930.jpg,StemCanker,512,512
20260124_172941.jpg,StemCanker,512,512
20260124_173020.jpg,StemCanker,512,512
20260124_173035.jpg,StemCanker,512,512
20260124_173154.jpg,StemCanker,512,512
20260124_173308.jpg,StemCanker,512,512
20260124_173725.jpg,StemCanker,512,512
20260124_173756.jpg,StemCanker,512,512
20260124_173835.jpg,StemCanker,512,512
20260124_173936.jpg,StemCanker,512,512
20260124_174154.jpg,StemCanker,512,512
20260215_084333.jpg,StemCanker,512,512
20260215_084336.jpg,StemCanker,512,512
20260215_084401.jpg,StemCanker,512,512
20260215_084427.jpg,StemCanker,512,512
20260215_084429.jpg,StemCanker,512,512
20260215_084434.jpg,StemCanker,512,512
20260215_084531.jpg,StemCanker,512,512
20260215_084536.jpg,StemCanker,512,512
20260215_085004.jpg,StemCanker,512,512
20260215_085130.jpg,StemCanker,512,512
20260222_093218.jpg,StemCanker,512,512
20260222_093222.jpg,StemCanker,512,512
20260222_093239.jpg,StemCanker,512,512
20260222_093245.jpg,StemCanker,512,512
20260222_093247.jpg,StemCanker,512,512
20260222_153320.jpg,StemCanker,512,512
20260222_153323.jpg,StemCanker,512,512
20260222_153352.jpg,StemCanker,512,512
2551c7bb-3395-4112-bbdc-bb573c10dc7b.jpg,StemCanker,512,512
2cecf9f5-6f42-4029-978c-b9ab791348fb.jpg,StemCanker,512,512
32c7226f-1342-45dc-b1f6-64e816220609.jpg,StemCanker,512,512
34f3134a-7e91-475c-9e2a-3d6c123be992.jpg,StemCanker,512,512
34f3e280-d668-4946-8e5d-5c4d300c924f.jpg,StemCanker,512,512
3d441c62-da62-481c-8766-d84ce0dee41b.jpg,StemCanker,512,512
40b5828f-512f-4fa1-b607-74c2f7565093.jpg,StemCanker,512,512
41eff3db-4892-4bfd-8b65-5c103c059bc2.jpg,StemCanker,512,512
470fc18e-7230-4092-a769-57b492504351.jpg,StemCanker,512,512
4e45c64b-a44c-40c8-85b9-7927c3905178.jpg,StemCanker,512,512
5200b25c-cf84-4d1a-9755-4e6f7d7b6172.jpg,StemCanker,512,512
5620a871-5e2d-4d99-be6b-10d40abe48cc.jpg,StemCanker,512,512
575f23e8-efb3-40b5-be3e-1a768e4d109c.jpg,StemCanker,512,512
5d94aef8-5fc0-4d4e-9965-f63377d89c8e.jpg,StemCanker,512,512
60263c16-bb0c-42d0-9490-4890138e38d5.jpg,StemCanker,512,512
61618f4a-a545-45c9-b28b-b81196b9851e.jpg,StemCanker,512,512
668a02e5-a8a2-42cb-bccd-025b234eadcb.jpg,StemCanker,512,512
6c0411e6-6095-4ece-abf0-1f95fb0662ec.jpg,StemCanker,512,512
6e313a17-e458-4476-bee4-ca527edbcb87.jpg,StemCanker,512,512
6ea4d674-4644-49a0-a625-b6c9ebc50492.jpg,StemCanker,512,512
70806641-210e-45bb-82ba-d7e709ea7d1f.jpg,StemCanker,512,512
718b3e02-54cf-49cb-9550-8ac4c873530f.jpg,StemCanker,512,512
767fd7a9-f465-4df9-8a78-dfe642748552.jpg,StemCanker,512,512
7da620cc-aed4-4933-b51e-f97e45069c73.jpg,StemCanker,512,512
818d3601-d955-4a8f-8cab-10dcdd2e5fb5.jpg,StemCanker,512,512
821a871a-8411-4383-9ef1-4fe1557e6877.jpg,StemCanker,512,512
88f37f36-612b-4cf7-bf21-afe36d7846d5.jpg,StemCanker,512,512
8ab437f9-99f8-45c9-a851-92985b8c44fa.jpg,StemCanker,512,512
8c03c58d-dc7b-4816-8a08-cf19cd38049c.jpg,StemCanker,512,512
8e26defa-243c-4546-8962-c58fb9f6a6b4.jpg,StemCanker,512,512
a452d748-93f4-4366-86a2-ca004a802e06.jpg,StemCanker,512,512
a767a1e9-70c6-418c-bfe4-6f28d54c4929.jpg,StemCanker,512,512
b0827d89-b825-419f-ab5b-5c1098a86693.jpg,StemCanker,512,512
bc6af251-ef9c-414f-824e-e1c8478a97b8.jpg,StemCanker,512,512
c32707f1-1a2f-4a79-a837-cbbfcb93fdc7.jpg,StemCanker,512,512
c6faf82a-6cf6-4a97-afa5-6c8fc7fdc00f.jpg,StemCanker,512,512
c8d11058-6fda-4060-96a5-319687047669.jpg,StemCanker,512,512
ca6a912e-f483-4029-b124-3c5d3611dd8a.jpg,StemCanker,512,512
ca71c2f4-7eb0-4a0a-b66b-4804550feb84.jpg,StemCanker,512,512
d0192bb3-9a95-4af5-850b-029093e4287e.jpg,StemCanker,512,512
d181e1b5-849d-4c97-a48f-242ff8c37799.jpg,StemCanker,512,512
d75e17ed-40a5-4ea5-b883-cde0140368c3.jpg,StemCanker,512,512
dd03f205-7984-4452-9061-2bc6cdb4ded4.jpg,StemCanker,512,512
de0cc7ce-f5d6-4e01-b7fd-8c01f22551d5.jpg,StemCanker,512,512
df9598a8-3b68-4f18-8afe-82172ef6086a.jpg,StemCanker,512,512
e21fe113-7c9e-49ac-bdd1-549ecf364530.jpg,StemCanker,512,512
e2ce43e6-1fcb-4c54-b692-71d234858ed9.jpg,StemCanker,512,512
e465d829-37d6-44f3-ac68-2fbab9cedf2c.jpg,StemCanker,512,512
e727f1db-dd15-4da0-a731-de8e33932195.jpg,StemCanker,512,512
e799fce2-73f2-42a6-a451-2173d9140a6d.jpg,StemCanker,512,512
f41377fd-c87b-4845-be3f-80d2b01b9f47.jpg,StemCanker,512,512
f9b2ef77-a539-4ef0-95df-e6045b5441ee.jpg,StemCanker,512,512
fe96a09d-92a7-4f44-b2c6-ae7ceeb6e46e.jpg,StemCanker,512,512
Screenshot_20260117_160856_Gallery.jpg,StemCanker,512,512
Screenshot_20260117_160919_Gallery.jpg,StemCanker,512,512
0f374a80-6dc1-4dfa-9b2d-7c083a76ceae.jpg,Stress,512,512
1a53aeaf-1d40-4e09-aa34-341f1e88399f.jpg,Stress,512,512
1d2e3d03-b491-40cb-a098-f95f2fbda966.jpg,Stress,512,512
20260124_171735.jpg,Stress,512,512
20260124_171740.jpg,Stress,512,512
20260124_171754.jpg,Stress,512,512
20260124_171809.jpg,Stress,512,512
20260124_172112.jpg,Stress,512,512
20260124_172118.jpg,Stress,512,512
20260124_172121.jpg,Stress,512,512
20260124_172130.jpg,Stress,512,512
20260124_172200.jpg,Stress,512,512
20260124_172218.jpg,Stress,512,512
20260124_172221.jpg,Stress,512,512
20260124_172232.jpg,Stress,512,512
20260124_172238.jpg,Stress,512,512
20260124_172619.jpg,Stress,512,512
20260222_153420.jpg,Stress,512,512
211eecde-9987-4941-8096-d2afa948d4a7.jpg,Stress,512,512
22a33d0d-26b9-4e5e-a682-09772a2e9d34.jpg,Stress,512,512
41f3a7d0-5bfd-46b2-a9d8-a6849e0362ed.jpg,Stress,512,512
4427c219-1673-4e24-8cc6-a434c5d8f311.jpg,Stress,512,512
4e466030-e629-4701-92de-0875a6a2c10c.jpg,Stress,512,512
54bc5157-91d3-4044-86c0-1c0e996b55db.jpg,Stress,512,512
6b0f5b95-62a5-437f-ac84-684525ad8deb.jpg,Stress,512,512
7bf4c647-ea39-40a0-8943-f3311f43ff35.jpg,Stress,512,512
7f61600b-ad09-446b-85e1-d57404a5bf70.jpg,Stress,512,512
90ff63c8-5913-4991-a865-dacade735e54.jpg,Stress,512,512
96c698a4-f65c-4be4-b7e1-cca61b93f0fc.jpg,Stress,512,512
aa5a9a47-1531-4b1f-892a-1d44d2742031.jpg,Stress,512,512
adf81e63-053a-4ca7-9769-82063c64cadb.jpg,Stress,512,512
c1b44e9d-a3c6-4dcd-b109-bfe7026fdb33.jpg,Stress,512,512
c8a2b353-3703-42d5-b24d-ef33dc60efd9.jpg,Stress,512,512
cbdb8633-3dbd-499d-972b-37a5110f8eb4.jpg,Stress,512,512
d2936b0e-c154-4ea1-b10d-fd4ba190894c.jpg,Stress,512,512
d8f6aa4f-647f-4802-9fb5-da1b4b58b1d1.jpg,Stress,512,512
d9775f9b-dfaf-419a-862b-ada905851273.jpg,Stress,512,512
fbcacf53-f07d-434b-a4cf-f6a1c5a8a2f2.jpg,Stress,512,512
